Asset 1,Asset 2,Hedge_Ratio,P_Value,Half_Life
ES=F,NQ=F,1.228973373019472,0.04550054452227355,21.02893476480085
CL=F,NG=F,-1.348488199916841,0.007219779844112404,13.716707388869866
GC=F,HG=F,0.38040637928840515,0.005158072672930498,14.858624162967098
HG=F,PA=F,1.603546490435705,0.03376707596820368,16.925696645505056
SI=F,PA=F,0.6022864001725902,0.0021568103677782643,12.045095866399675
PL=F,PA=F,0.7124292577176669,0.002666491381159597,12.040408315000004
6E=F,6B=F,0.6550935230880388,0.04292030579726391,20.837217166707028
ZW=F,ZM=F,0.8835293610573226,0.02078294301606374,21.176308699526828
